id;ref_okko;ref_mineris;ref_produit
1;pixel withdrawal;salmon;interface scalable
2;SQL transmitting;Officer Operations;disintermediate Isle Frozen
3;virtual Senior Administrator;Rubber IB;COM Rwanda Franc Horizontal
4;Networked Oregon;GB demand-driven;Cambridgeshire FTP
5;Tasty Fresh Shoes Palestinian Territory Fish;blue Sudanese Pound;Public-key
6;disintermediate;copy 1080p;Licensed Rubber Gloves
7;Enhanced Ergonomic Granite Car;clear-thinking Personal Loan Account;pixel
8;Rubber;JSON Architect Louisiana;Strategist neural Outdoors
9;Facilitator process improvement;process improvement silver;efficient copying
10;yellow transmit models;quantifying Awesome Metal Towels Chips;technologies Congolese Franc Cotton
